id,name,official_url,government_level,state,ministry,department,organization,category,subcategories,relevance,data_domains,formats,access_method,api_available,historical_data,captcha,authentication_required,machine_readability,update_frequency,identifier_fields,discovered_from,verified_at,verification_status,http_status,final_url,page_title,verification_channel,platform,cppp_listed_url,notes
cen-igod,Integrated Government Online Directory (IGOD),https://igod.gov.in/,central,,Ministry of Electronics and Information Technology,,NIC,directory,organization_directory,CRITICAL,administrative; directory,HTML,PUBLIC_WEB_PAGE,False,False,False,False,C,unknown,igod_organization_id,Task directive §4; india.gov.in,2026-08-21,VERIFIED,200,https://igod.gov.in/,Integrated Government Online Directory : Home,http_head_get_sandbox,,,"Primary discovery backbone for this registry. Server-rendered HTML, paginated via ?page=N. URL patterns: /sg/{STATE}/{CAT}/organizations, /ug/categories, /organization/{id}."
cen-india-portal,National Portal of India,https://www.india.gov.in/,central,,,,NIC,directory,,HIGH,directory,HTML,PUBLIC_WEB_PAGE,unknown,unknown,unknown,unknown,C,unknown,,Task directive §4,2026-08-21,VERIFIED,200,https://www.india.gov.in/,Home | National Portal of India,http_head_get_sandbox,,,
cen-datagov,Open Government Data (OGD) Platform India,https://data.gov.in/,central,,Ministry of Electronics and Information Technology,,NIC,open_data,,CRITICAL,open_data; finance; infrastructure; administrative,CSV; JSON; XML; API,PUBLIC_API,True,unknown,unknown,unknown,A,unknown,,docs/18; verified 2026-08-21,2026-08-21,VERIFIED,200,https://www.data.gov.in/,Home | Open Government Data (OGD) Platform India,http_head_get_sandbox,,,Catalogue includes a Local Government Directory (LGD) catalogue. Dataset-level capability NOT yet inventoried — requires per-dataset assessment.
cen-ndap,National Data and Analytics Platform (NDAP),https://ndap.niti.gov.in/,central,,NITI Aayog,,,open_data,,HIGH,open_data; statistics,CSV; API,PUBLIC_DOWNLOAD,unknown,unknown,unknown,unknown,B,unknown,,docs/18; verified 2026-08-21,2026-08-21,VERIFIED,200,https://ndap.niti.gov.in/,National Data and Analytics Platform,http_head_get_sandbox,,,
cen-cppp,Central Public Procurement Portal (CPPP),https://eprocure.gov.in/cppp/,central,,Ministry of Finance,Department of Expenditure,,procurement,tender_publication; tender_results; debarment,CRITICAL,procurement; contractor,HTML; PDF,PUBLIC_WEB_PAGE,unknown,unknown,unknown,unknown,C,unknown,tender_id; tender_reference_number; organisation_code,docs/18; verified 2026-08-21,2026-08-21,VERIFIED,200,https://eprocure.gov.in/cppp/,Central Public Procurement Portal | Home en | GeM-CPPP | Tenders Portal of Government of India | Government eTenders,http_head_get_sandbox,,,Hosts the official State/UT e-procurement link list at /mmp/sites/default/files/eproc/States_eProc_relatedlinks.pdf (parsed for this registry; found to contain stale entries).
cen-epublish,Central Public Procurement ePublishing System,https://eprocure.gov.in/epublish/app,central,,Ministry of Finance,,,procurement,,CRITICAL,procurement,HTML,PUBLIC_WEB_PAGE,unknown,unknown,unknown,unknown,C,unknown,,CPPP States_eProc_relatedlinks.pdf; verified 2026-08-21,2026-08-21,VERIFIED,200,https://eprocure.gov.in/epublish/app,"ePublishing System, Government of India",http_head_get_sandbox,,,
cen-gem,Government e Marketplace (GeM),https://gem.gov.in/,central,,Ministry of Commerce and Industry,,,procurement,,HIGH,procurement; contractor,HTML,PARTIAL_PUBLIC_ACCESS,unknown,unknown,unknown,partial,F,unknown,,docs/18; verified 2026-08-21,2026-08-21,VERIFIED,200,https://gem.gov.in/,Government e Marketplace | National Public Procurement Portal,http_head_get_sandbox,,,
cen-etenders,Government eProcurement System (etenders.gov.in / GePNIC central instance),https://etenders.gov.in/eprocure/app,central,,,,NIC,procurement,,HIGH,procurement,HTML; PDF,PUBLIC_WEB_PAGE,unknown,unknown,unknown,unknown,C,unknown,tender_id; nit_number,eprocure.gov.in; verified 2026-08-21,2026-08-21,VERIFIED,200,https://etenders.gov.in/eprocure/app,Government eProcurement System,http_head_get_sandbox,,,
cen-pmgsytenders,eProcurement System for PMGSY,https://pmgsytenders.gov.in,central,,Ministry of Rural Development,,NRIDA,procurement,roads; rural_roads,CRITICAL,procurement; roads,HTML; PDF,PUBLIC_WEB_PAGE,unknown,unknown,unknown,unknown,C,unknown,tender_id; nit_number,WebSearch (gov.in-restricted) 2026-08-21; verified,2026-08-21,VERIFIED,200,https://pmgsytenders.gov.in/nicgep/app,eProcurement System for Pradhan Mantri Gram Sadak Yojana (PMGSY),http_head_get_sandbox,,,
cen-indiabudget,India Budget Portal (Union Budget),https://www.indiabudget.gov.in/,central,,Ministry of Finance,,,budget,,CRITICAL,budget; finance,PDF; XLS; HTML,PUBLIC_DOCUMENT,unknown,yes,unknown,unknown,D,annual,demand_number; budget_head; financial_year,docs/18; verified 2026-08-21,2026-08-21,VERIFIED,200,https://www.indiabudget.gov.in/,India Budget | Ministry of Finance | Government of India,http_head_get_sandbox,,,
cen-cga,Controller General of Accounts (CGA),https://cga.nic.in/,central,,Ministry of Finance,,,finance,,CRITICAL,finance; expenditure,PDF; HTML,PUBLIC_DOCUMENT,unknown,unknown,unknown,unknown,D,monthly,,docs/18; verified 2026-08-21,2026-08-21,VERIFIED,200,https://cga.nic.in/,Home : CONTROLLER GENERAL OF ACCOUNTS,http_head_get_sandbox,,,
cen-pfms,Public Financial Management System (PFMS),https://pfms.nic.in/SitePages/index.html,central,,Ministry of Finance,Department of Expenditure,CGA,finance,fund_flow; releases; expenditure,CRITICAL,finance; releases; expenditure; schemes,HTML; PDF,PARTIAL_PUBLIC_ACCESS,unknown,unknown,unknown,partial,F,unknown,scheme_code; agency_code,docs/18 + WebSearch; verified 2026-08-21,2026-08-21,VERIFIED,200,https://pfms.nic.in/SitePages/index.html,Home,http_head_get_sandbox,,,Integrates with LGD and eGramSwaraj via unique codes — a key entity-linking backbone (see entity-linking.md).
cen-cag,Comptroller and Auditor General of India (CAG),https://cag.gov.in/,central,,,,,audit,,CRITICAL,audit,PDF; HTML,PUBLIC_DOCUMENT,unknown,yes,unknown,unknown,D,irregular,,docs/18; verified 2026-08-21,2026-08-21,VERIFIED,200,https://cag.gov.in/en,Home | Comptroller and Auditor General of India,http_head_get_sandbox,,,
cen-lgd,Local Government Directory (LGD),https://lgdirectory.gov.in/,central,,Ministry of Panchayati Raj,,,administrative_hierarchy,,CRITICAL,administrative; hierarchy; codes,HTML; CSV; API,PUBLIC_DOWNLOAD,partial,yes,unknown,unknown,B,unknown,lgd_code; census_code,WebSearch (gov.in-restricted) 2026-08-21,2026-08-21,DISCOVERED,,,,http_head_get_sandbox,,,THE canonical join key for the whole platform. Not reachable from the sandbox egress; verified through a second network path. NAPIX API access is registration-gated. | Not reachable from verification vantage point on 2026-08-21: URLERR [SSL: SSLV3_ALERT_HANDSHAKE_FAILURE] sslv3 alert handshake failure (_ssl.c:1129). Existence NOT disproven.
cen-egramswaraj,"eGramSwaraj (Panchayat planning, accounting & progress)",https://egramswaraj.gov.in/,central,,Ministry of Panchayati Raj,,,local_government,panchayat_finance; physical_progress,CRITICAL,finance; expenditure; progress; local_government,HTML,unknown,unknown,unknown,unknown,unknown,unknown,unknown,lgd_code,WebSearch (gov.in-restricted) 2026-08-21,2026-08-21,DISCOVERED,,,,http_head_get_sandbox,,,Integrates with LGD and PFMS via unique codes. Not reachable from either verification channel on 2026-08-21 — DISCOVERED only. | Not reachable from verification vantage point on 2026-08-21: URLERR [Errno 54] Connection reset by peer. Existence NOT disproven.
cen-mospi,Ministry of Statistics and Programme Implementation,https://mospi.gov.in/,central,,,,,statistics,,MEDIUM,statistics,PDF; XLS; HTML,PUBLIC_DOCUMENT,unknown,unknown,unknown,unknown,D,unknown,,IGOD Union Government crawl; verified 2026-08-21,2026-08-21,VERIFIED,200,https://mospi.gov.in/,Ministry of Statistics and Program Implementation | Government Of India,http_head_get_sandbox,,,
cen-esankhyiki,eSankhyiki Portal (MoSPI),https://esankhyiki.mospi.gov.in/,central,,MoSPI,,,statistics,,MEDIUM,statistics,HTML; CSV,PUBLIC_DOWNLOAD,unknown,unknown,unknown,unknown,B,unknown,,WebSearch; verified 2026-08-21,2026-08-21,VERIFIED,200,https://esankhyiki.mospi.gov.in/,Ministry of Statistics and Program Implementation | Government Of India,http_head_get_sandbox,,,
cen-dea,Department of Economic Affairs,https://dea.gov.in/,central,,Ministry of Finance,,,finance,,MEDIUM,finance,PDF; HTML,PUBLIC_DOCUMENT,unknown,unknown,unknown,unknown,D,unknown,,IGOD; verified 2026-08-21,2026-08-21,VERIFIED,200,https://dea.gov.in/,Department of Economic Affairs,http_head_get_sandbox,,,
cen-dmeo,"Development Monitoring and Evaluation Office (DMEO, NITI Aayog)",https://dmeo.gov.in/,central,,NITI Aayog,,,project_monitoring,,MEDIUM,schemes; evaluation,PDF; HTML,PUBLIC_DOCUMENT,unknown,unknown,unknown,unknown,D,unknown,,WebSearch; verified 2026-08-21,2026-08-21,VERIFIED,200,https://dmeo.gov.in/,| DMEO | Development Monitoring and Evaluation Office | Attached office under NITI Aayog,http_head_get_sandbox,,,
cen-morth,Ministry of Road Transport and Highways (MoRTH),https://morth.nic.in/,central,,MoRTH,,,infrastructure,roads; highways,CRITICAL,roads; infrastructure; budget,PDF; HTML,PUBLIC_DOCUMENT,unknown,unknown,unknown,unknown,D,unknown,,docs/18; verified 2026-08-21,2026-08-21,VERIFIED,200,http://morth.gov.in/,"Ministry of Road Transport & Highways, Government Of India",http_head_get_sandbox,,,
cen-nhai,National Highways Authority of India (NHAI),https://nhai.gov.in/,central,,MoRTH,,NHAI,infrastructure,national_highways,HIGH,roads; projects; procurement,PDF; HTML,PUBLIC_DOCUMENT,unknown,unknown,unknown,unknown,D,unknown,,docs/18; verified 2026-08-21,2026-08-21,VERIFIED,200,https://nhai.gov.in/,"National Highways Authority of India, Ministry of Road Transport & Highways, Government of India",http_head_get_sandbox,,,
cen-nhidcl,National Highways & Infrastructure Development Corporation (NHIDCL),https://www.nhidcl.com/,central,,MoRTH,,NHIDCL,infrastructure,national_highways,MEDIUM,roads; projects,HTML; PDF,PUBLIC_WEB_PAGE,unknown,unknown,unknown,unknown,D,unknown,,WebSearch; verified 2026-08-21,2026-08-21,VERIFIED,200,https://www.nhidcl.com/,Home Page | National Highways & Infrastructure Development Corporation Ltd.,http_head_get_sandbox,,,Government PSU operating on a .com domain — confirmed as the official NHIDCL site by page title.
cen-ommas,"PMGSY OMMAS (Online Management, Monitoring and Accounting System)",https://online.omms.nic.in/,central,,Ministry of Rural Development,,NRIDA,project_monitoring,rural_roads,CRITICAL,projects; progress; finance; roads; procurement,unknown,unknown,unknown,unknown,unknown,unknown,unknown,unknown,pmgsy_package_id; road_code,"WebSearch (gov.in-restricted) 2026-08-21; referenced by rural.nic.in, pmgsy.nic.in, dmeo.gov.in, pib.gov.in, cag.gov.in",2026-08-21,DISCOVERED,,,,http_head_get_sandbox,,,"HIGHEST-VALUE candidate for the tender->project->progress->money chain for rural roads. Not reachable from either verification channel on 2026-08-21 (DNS did not resolve). Existence strongly evidenced by multiple official references. MUST be verified from an Indian network vantage point before planning ingestion. | Not reachable from verification vantage point on 2026-08-21: URLERR [Errno 8] nodename nor servname provided, or not known. Existence NOT disproven."
cen-cpwd,Central Public Works Department (CPWD),https://cpwd.gov.in/,central,,Ministry of Housing and Urban Affairs,,,infrastructure,works; schedule_of_rates,HIGH,works; rates,PDF; HTML,PUBLIC_DOCUMENT,unknown,unknown,unknown,unknown,D,unknown,,IGOD; verified 2026-08-21,2026-08-21,VERIFIED,200,https://cpwd.gov.in/,Home | Central Public Works Department | Government of India,http_head_get_sandbox,,,Relevant to docs/08 road-model unit rates: CPWD publishes Schedule of Rates. Publication format NOT yet inventoried.
cen-nrega,MGNREGA / NREGA Public Data Portal,https://nrega.nic.in/,central,,Ministry of Rural Development,,,scheme,rural_employment; rural_works,HIGH,schemes; expenditure; works; local_government,HTML,PUBLIC_WEB_PAGE,unknown,unknown,unknown,unknown,C,unknown,lgd_code; work_code,docs/18; verified 2026-08-21,2026-08-21,VERIFIED,200,https://nrega.nic.in/,,http_head_get_sandbox,,,Known for deep public MIS reporting down to panchayat and work level; report surface NOT yet inventoried for this registry.
cen-jjm,Jal Jeevan Mission,https://jaljeevanmission.gov.in/,central,,Ministry of Jal Shakti,,,scheme,water,MEDIUM,schemes; infrastructure,HTML,PUBLIC_WEB_PAGE,unknown,unknown,unknown,unknown,C,unknown,,docs/18; verified 2026-08-21,2026-08-21,VERIFIED,200,https://jaljeevanmission.gov.in/,Home | Jal Jeevan Mission,http_head_get_sandbox,,,
cen-sbm,Swachh Bharat Mission (Grameen),https://swachhbharatmission.ddws.gov.in/,central,,Ministry of Jal Shakti,,,scheme,sanitation,LOW,schemes,HTML,PUBLIC_WEB_PAGE,unknown,unknown,unknown,unknown,C,unknown,,docs/18; verified 2026-08-21,2026-08-21,VERIFIED,200,https://swachhbharatmission.ddws.gov.in/,Home | sbm,http_head_get_sandbox,,,
cen-mohua,Ministry of Housing and Urban Affairs,https://mohua.gov.in/,central,,MoHUA,,,urban,,HIGH,urban; schemes; infrastructure,PDF; HTML,PUBLIC_DOCUMENT,unknown,unknown,unknown,unknown,D,unknown,,IGOD; verified 2026-08-21,2026-08-21,VERIFIED,200,https://www.mohua.gov.in/,,http_head_get_sandbox,,,
cen-bhuvan,Bhuvan — Indian Geo-Platform of ISRO,https://bhuvan.nrsc.gov.in/,central,,Department of Space,,NRSC/ISRO,gis,,CRITICAL,gis; boundaries; assets,GIS; HTML,PUBLIC_WEB_PAGE,unknown,unknown,unknown,unknown,unknown,unknown,,docs/20; verified 2026-08-21,2026-08-21,VERIFIED,200,https://bhuvan.nrsc.gov.in/ngmaps,Bhuvan-Indian Geoportal of ISRO,http_head_get_sandbox,,,
cen-nrsc,National Remote Sensing Centre (NRSC),https://www.nrsc.gov.in/,central,,Department of Space,,,gis,,HIGH,gis,HTML; GIS,PUBLIC_WEB_PAGE,unknown,unknown,unknown,unknown,unknown,unknown,,docs/20; verified 2026-08-21,2026-08-21,VERIFIED,200,https://www.nrsc.gov.in/nrscnew/,NRSC | NRSC Website,http_head_get_sandbox,,,
cen-bharatmaps,Bharat Maps (NIC national basemap),https://bharatmaps.gov.in/,central,,,,NIC,gis,,HIGH,gis; boundaries,GIS; HTML,PUBLIC_WEB_PAGE,unknown,unknown,unknown,unknown,unknown,unknown,,WebSearch; verified 2026-08-21,2026-08-21,VERIFIED,200,https://bharatmaps.gov.in/,Bharat Maps,http_head_get_sandbox,,,
proc-an,e-Procurement System — Andaman and Nicobar Islands,https://eprocure.gov.in/epublish/app,ut,Andaman and Nicobar Islands,,,,procurement,tender_publication,HIGH,procurement; contractor,HTML; PDF,PUBLIC_WEB_PAGE,unknown,unknown,unknown,partial,C,unknown,tender_id; nit_number; organisation_chain,CPPP States_eProc_relatedlinks.pdf + IGOD crawl + WebSearch (gov.in-restricted),2026-08-21,VERIFIED,200,https://eprocure.gov.in/epublish/app,"ePublishing System, Government of India",http_head_get_sandbox,CPPP ePublishing only,https://eprocure.gov.in/epublish/app,Platform: CPPP ePublishing only. No dedicated State/UT e-procurement portal identified in the sources reviewed; CPPP ePublishing is the listed route.
proc-ap,e-Procurement System — Andhra Pradesh,https://apeprocurement.gov.in/,state,Andhra Pradesh,,,,procurement,tender_publication,HIGH,procurement; contractor,HTML; PDF,PUBLIC_WEB_PAGE,unknown,unknown,unknown,partial,C,unknown,tender_id; nit_number; organisation_chain,CPPP States_eProc_relatedlinks.pdf + IGOD crawl + WebSearch (gov.in-restricted),2026-08-21,VERIFIED,200,https://apeprocurement.gov.in/,Welcome to AP E-Procurement Portal - Govt of Andhra Pradesh,http_head_get_sandbox,state-specific,http://www.eprocurement.gov.in/,Platform: state-specific. The URL published in the official CPPP State/UT list (http://www.eprocurement.gov.in/) did NOT resolve on 2026-08-21 (URLERR timed out); the live portal above was found via IGOD/WebSearch and verified.
proc-ap-alt0,AP eProcurement — tender search,https://tender.apeprocurement.gov.in,state,Andhra Pradesh,,,,procurement,tender_publication,MEDIUM,procurement; contractor,HTML; PDF,PUBLIC_WEB_PAGE,unknown,unknown,unknown,partial,C,unknown,tender_id; nit_number; organisation_chain,CPPP States_eProc_relatedlinks.pdf + IGOD crawl + WebSearch (gov.in-restricted),2026-08-21,VERIFIED,200,https://tender.apeprocurement.gov.in,,http_head_get_sandbox,unknown,,Additional/secondary official procurement surface for this State/UT.
proc-ar,e-Procurement System — Arunachal Pradesh,https://arunachaltenders.gov.in,state,Arunachal Pradesh,,,,procurement,tender_publication,HIGH,procurement; contractor,HTML; PDF,PUBLIC_WEB_PAGE,unknown,unknown,unknown,partial,C,unknown,tender_id; nit_number; organisation_chain,CPPP States_eProc_relatedlinks.pdf + IGOD crawl + WebSearch (gov.in-restricted),2026-08-21,VERIFIED,200,https://arunachaltenders.gov.in,HCI Arunachal- eProcurement System,http_head_get_sandbox,GePNIC,http://arunachaltenders.gov.in/nicgep/app,"Platform: GePNIC. CPPP list also publishes http://arunachaltenders.gov.in/nicgep/app (verified). Standard GePNIC public pages observed across deployments: FrontEndTendersByOrganisation, FrontEndTendersByClassification, FrontEndListTendersbyDate, WebTenderStatusLists, StandardBiddingDocuments."
proc-as,e-Procurement System — Assam,https://assamtenders.gov.in,state,Assam,,,,procurement,tender_publication,HIGH,procurement; contractor,HTML; PDF,PUBLIC_WEB_PAGE,unknown,unknown,unknown,partial,C,unknown,tender_id; nit_number; organisation_chain,CPPP States_eProc_relatedlinks.pdf + IGOD crawl + WebSearch (gov.in-restricted),2026-08-21,VERIFIED,200,https://assamtenders.gov.in,HCI Node-1 assam,http_head_get_sandbox,GePNIC,http://assamtenders.gov.in/nicgep/app,"Platform: GePNIC. CPPP list also publishes http://assamtenders.gov.in/nicgep/app (verified). Standard GePNIC public pages observed across deployments: FrontEndTendersByOrganisation, FrontEndTendersByClassification, FrontEndListTendersbyDate, WebTenderStatusLists, StandardBiddingDocuments."
proc-as-alt0,State Public Procurement Portal of Assam,https://sppp.assam.gov.in,state,Assam,,,,procurement,tender_publication,MEDIUM,procurement; contractor,HTML; PDF,PUBLIC_WEB_PAGE,unknown,unknown,unknown,partial,C,unknown,tender_id; nit_number; organisation_chain,CPPP States_eProc_relatedlinks.pdf + IGOD crawl + WebSearch (gov.in-restricted),2026-08-21,VERIFIED,200,https://sppp.assam.gov.in,sppp,http_head_get_sandbox,unknown,,Additional/secondary official procurement surface for this State/UT.
proc-br,e-Procurement System — Bihar,https://eproc2.bihar.gov.in,state,Bihar,,,,procurement,tender_publication,HIGH,procurement; contractor,HTML; PDF,PUBLIC_WEB_PAGE,unknown,unknown,unknown,partial,C,unknown,tender_id; nit_number; organisation_chain,CPPP States_eProc_relatedlinks.pdf + IGOD crawl + WebSearch (gov.in-restricted),2026-08-21,VERIFIED,200,https://eproc2.bihar.gov.in/EPSV2Web/,Bihar Govt. eProcurement,http_head_get_sandbox,state-specific,https://www.eproc.bihar.gov.in,"Platform: state-specific. The URL published in the official CPPP State/UT list (https://www.eproc.bihar.gov.in) did NOT resolve on 2026-08-21 (URLERR [Errno 8] nodename nor servname provided, or not known); the live portal above was found via IGOD/WebSearch and verified."
proc-ch,e-Procurement System — Chandigarh,https://etenders.chd.nic.in,ut,Chandigarh,,,,procurement,tender_publication,HIGH,procurement; contractor,HTML; PDF,PUBLIC_WEB_PAGE,unknown,unknown,unknown,partial,C,unknown,tender_id; nit_number; organisation_chain,CPPP States_eProc_relatedlinks.pdf + IGOD crawl + WebSearch (gov.in-restricted),2026-08-21,VERIFIED,200,https://etenders.chd.nic.in,Chandigarh - eProcurement System,http_head_get_sandbox,GePNIC,https://etenders.chd.nic.in,"Platform: GePNIC. Standard GePNIC public pages observed across deployments: FrontEndTendersByOrganisation, FrontEndTendersByClassification, FrontEndListTendersbyDate, WebTenderStatusLists, StandardBiddingDocuments."
proc-cg,e-Procurement System — Chhattisgarh,https://eproc.cgstate.gov.in,state,Chhattisgarh,,,,procurement,tender_publication,HIGH,procurement; contractor,HTML; PDF,PUBLIC_WEB_PAGE,unknown,unknown,unknown,partial,C,unknown,tender_id; nit_number; organisation_chain,CPPP States_eProc_relatedlinks.pdf + IGOD crawl + WebSearch (gov.in-restricted),2026-08-21,VERIFIED,200,https://eproc.cgstate.gov.in,CHIPS - e-Tendering System,http_head_get_sandbox,state-specific (CHiPS),https://cgeprocurement.gov.in,"Platform: state-specific (CHiPS). The URL published in the official CPPP State/UT list (https://cgeprocurement.gov.in) did NOT resolve on 2026-08-21 (URLERR [Errno 8] nodename nor servname provided, or not known); the live portal above was found via IGOD/WebSearch and verified."
proc-nd,e-Procurement System — Dadra and Nagar Haveli and Daman and Diu,https://dnhtenders.gov.in,ut,Dadra and Nagar Haveli and Daman and Diu,,,,procurement,tender_publication,HIGH,procurement; contractor,HTML; PDF,PUBLIC_WEB_PAGE,unknown,unknown,unknown,partial,C,unknown,tender_id; nit_number; organisation_chain,CPPP States_eProc_relatedlinks.pdf + IGOD crawl + WebSearch (gov.in-restricted),2026-08-21,VERIFIED,200,https://dnhtenders.gov.in,DNH eProcurement System,http_head_get_sandbox,GePNIC,http://dnhtenders.gov.in/nicgep/app,"Platform: GePNIC. CPPP list also publishes http://dnhtenders.gov.in/nicgep/app (verified). Standard GePNIC public pages observed across deployments: FrontEndTendersByOrganisation, FrontEndTendersByClassification, FrontEndListTendersbyDate, WebTenderStatusLists, StandardBiddingDocuments."
proc-dl,e-Procurement System — Delhi,https://govtprocurement.delhi.gov.in,ut,Delhi,,,,procurement,tender_publication,HIGH,procurement; contractor,HTML; PDF,PUBLIC_WEB_PAGE,unknown,unknown,unknown,partial,C,unknown,tender_id; nit_number; organisation_chain,CPPP States_eProc_relatedlinks.pdf + IGOD crawl + WebSearch (gov.in-restricted),2026-08-21,VERIFIED,200,https://govtprocurement.delhi.gov.in,DELHI eProcurement System,http_head_get_sandbox,GePNIC,https://govtprocurement.delhi.gov.in,"Platform: GePNIC. Standard GePNIC public pages observed across deployments: FrontEndTendersByOrganisation, FrontEndTendersByClassification, FrontEndListTendersbyDate, WebTenderStatusLists, StandardBiddingDocuments."
proc-ga,e-Procurement System — Goa,https://eprocure.goa.gov.in/,state,Goa,,,,procurement,tender_publication,HIGH,procurement; contractor,HTML; PDF,PUBLIC_WEB_PAGE,unknown,unknown,unknown,partial,C,unknown,tender_id; nit_number; organisation_chain,CPPP States_eProc_relatedlinks.pdf + IGOD crawl + WebSearch (gov.in-restricted),2026-08-21,VERIFIED,200,https://eprocure.goa.gov.in/,The eProcurement System of Goa,http_head_get_sandbox,GePNIC,http://www.etender.goa.gov.in,"Platform: GePNIC. The URL published in the official CPPP State/UT list (http://www.etender.goa.gov.in) did NOT resolve on 2026-08-21 (URLERR timed out); the live portal above was found via IGOD/WebSearch and verified. Standard GePNIC public pages observed across deployments: FrontEndTendersByOrganisation, FrontEndTendersByClassification, FrontEndListTendersbyDate, WebTenderStatusLists, StandardBiddingDocuments."
proc-gj,e-Procurement System — Gujarat,https://tender.nprocure.com,state,Gujarat,,,,procurement,tender_publication,HIGH,procurement; contractor,HTML; PDF,PUBLIC_WEB_PAGE,unknown,unknown,unknown,partial,C,unknown,tender_id; nit_number; organisation_chain,CPPP States_eProc_relatedlinks.pdf + IGOD crawl + WebSearch (gov.in-restricted),2026-08-21,VERIFIED,200,https://tender.nprocure.com,eProc-Suite,http_head_get_sandbox,"state-specific (nProcure / (n)Code, via GIL)",https://www.nprocure.com/asp/home/new_home_tenders.asp,"Platform: state-specific (nProcure / (n)Code, via GIL). The URL published in the official CPPP State/UT list (https://www.nprocure.com/asp/home/new_home_tenders.asp) did NOT resolve on 2026-08-21 (URLERR EOF occurred in violation of protocol (_ssl.c:1129)); the live portal above was found via IGOD/WebSearch and verified."
proc-gj-alt0,Gujarat Informatics Ltd — eProcurement (state nodal agency),https://gil.gujarat.gov.in/eprocurement,state,Gujarat,,,,procurement,tender_publication,MEDIUM,procurement; contractor,HTML; PDF,PUBLIC_WEB_PAGE,unknown,unknown,unknown,partial,C,unknown,tender_id; nit_number; organisation_chain,CPPP States_eProc_relatedlinks.pdf + IGOD crawl + WebSearch (gov.in-restricted),2026-08-21,VERIFIED,200,https://gil.gujarat.gov.in/eprocurement,GIL - enabling e- Governance,http_head_get_sandbox,unknown,,Additional/secondary official procurement surface for this State/UT.
proc-hr,e-Procurement System — Haryana,https://etenders.hry.nic.in,state,Haryana,,,,procurement,tender_publication,HIGH,procurement; contractor,HTML; PDF,PUBLIC_WEB_PAGE,unknown,unknown,unknown,partial,C,unknown,tender_id; nit_number; organisation_chain,CPPP States_eProc_relatedlinks.pdf + IGOD crawl + WebSearch (gov.in-restricted),2026-08-21,VERIFIED,200,https://etenders.hry.nic.in,Haryana- eProcurement System,http_head_get_sandbox,GePNIC,https://etenders.hry.nic.in,"Platform: GePNIC. Standard GePNIC public pages observed across deployments: FrontEndTendersByOrganisation, FrontEndTendersByClassification, FrontEndListTendersbyDate, WebTenderStatusLists, StandardBiddingDocuments."
proc-hp,e-Procurement System — Himachal Pradesh,https://hptenders.gov.in,state,Himachal Pradesh,,,,procurement,tender_publication,HIGH,procurement; contractor,HTML; PDF,PUBLIC_WEB_PAGE,unknown,unknown,unknown,partial,C,unknown,tender_id; nit_number; organisation_chain,CPPP States_eProc_relatedlinks.pdf + IGOD crawl + WebSearch (gov.in-restricted),2026-08-21,VERIFIED,200,https://hptenders.gov.in,eProcurement System Government of Himachal Pradesh,http_head_get_sandbox,GePNIC,https://hptenders.gov.in,"Platform: GePNIC. Standard GePNIC public pages observed across deployments: FrontEndTendersByOrganisation, FrontEndTendersByClassification, FrontEndListTendersbyDate, WebTenderStatusLists, StandardBiddingDocuments."
proc-jk,e-Procurement System — Jammu and Kashmir,https://jktenders.gov.in,ut,Jammu and Kashmir,,,,procurement,tender_publication,HIGH,procurement; contractor,HTML; PDF,PUBLIC_WEB_PAGE,unknown,unknown,unknown,partial,C,unknown,tender_id; nit_number; organisation_chain,CPPP States_eProc_relatedlinks.pdf + IGOD crawl + WebSearch (gov.in-restricted),2026-08-21,VERIFIED,200,https://jktenders.gov.in,Jammu & Kashmir eProcurement System,http_head_get_sandbox,GePNIC,https://jktenders.gov.in,"Platform: GePNIC. Standard GePNIC public pages observed across deployments: FrontEndTendersByOrganisation, FrontEndTendersByClassification, FrontEndListTendersbyDate, WebTenderStatusLists, StandardBiddingDocuments."
proc-jh,e-Procurement System — Jharkhand,https://jharkhandtenders.gov.in,state,Jharkhand,,,,procurement,tender_publication,HIGH,procurement; contractor,HTML; PDF,PUBLIC_WEB_PAGE,unknown,unknown,unknown,partial,C,unknown,tender_id; nit_number; organisation_chain,CPPP States_eProc_relatedlinks.pdf + IGOD crawl + WebSearch (gov.in-restricted),2026-08-21,VERIFIED,200,https://jharkhandtenders.gov.in,Jharkhand eProcurement System,http_head_get_sandbox,GePNIC,https://jharkhandtenders.gov.in,"Platform: GePNIC. Standard GePNIC public pages observed across deployments: FrontEndTendersByOrganisation, FrontEndTendersByClassification, FrontEndListTendersbyDate, WebTenderStatusLists, StandardBiddingDocuments."
proc-ka,e-Procurement System — Karnataka,https://eproc.karnataka.gov.in,state,Karnataka,,,,procurement,tender_publication,HIGH,procurement; contractor,HTML; PDF,PUBLIC_WEB_PAGE,unknown,unknown,unknown,partial,C,unknown,tender_id; nit_number; organisation_chain,CPPP States_eProc_relatedlinks.pdf + IGOD crawl + WebSearch (gov.in-restricted),2026-08-21,VERIFIED,200,https://eproc.karnataka.gov.in,,http_head_get_sandbox,state-specific,https://eproc.karnataka.gov.in,Platform: state-specific.
proc-kl,e-Procurement System — Kerala,https://etenders.kerala.gov.in,state,Kerala,,,,procurement,tender_publication,HIGH,procurement; contractor,HTML; PDF,PUBLIC_WEB_PAGE,unknown,unknown,unknown,partial,C,unknown,tender_id; nit_number; organisation_chain,CPPP States_eProc_relatedlinks.pdf + IGOD crawl + WebSearch (gov.in-restricted),2026-08-21,VERIFIED,200,https://etenders.kerala.gov.in,Kerala eProcurement System,http_head_get_sandbox,GePNIC,https://etenders.kerala.gov.in,"Platform: GePNIC. Standard GePNIC public pages observed across deployments: FrontEndTendersByOrganisation, FrontEndTendersByClassification, FrontEndListTendersbyDate, WebTenderStatusLists, StandardBiddingDocuments."
proc-kl-alt0,Local Self Government Department Kerala — tenders,https://tender.lsgkerala.gov.in,state,Kerala,,,,procurement,tender_publication,MEDIUM,procurement; contractor,HTML; PDF,PUBLIC_WEB_PAGE,unknown,unknown,unknown,partial,C,unknown,tender_id; nit_number; organisation_chain,CPPP States_eProc_relatedlinks.pdf + IGOD crawl + WebSearch (gov.in-restricted),2026-08-21,VERIFIED,200,https://tender.lsgkerala.gov.in/pages/displayTender.php,"Official website of Local Self Government Department, Kerala",http_head_get_sandbox,unknown,,Additional/secondary official procurement surface for this State/UT.
proc-la,e-Procurement System — Ladakh,https://tenders.ladakh.gov.in/,ut,Ladakh,,,,procurement,tender_publication,HIGH,procurement; contractor,HTML; PDF,PUBLIC_WEB_PAGE,unknown,unknown,unknown,partial,C,unknown,tender_id; nit_number; organisation_chain,CPPP States_eProc_relatedlinks.pdf + IGOD crawl + WebSearch (gov.in-restricted),2026-08-21,VERIFIED,200,https://tenders.ladakh.gov.in/,Ladakh eProcurement System,http_head_get_sandbox,GePNIC,,"Platform: GePNIC. This State/UT is ABSENT from the official CPPP State/UT e-procurement link list parsed on 2026-08-21. Standard GePNIC public pages observed across deployments: FrontEndTendersByOrganisation, FrontEndTendersByClassification, FrontEndListTendersbyDate, WebTenderStatusLists, StandardBiddingDocuments."
proc-ld,e-Procurement System — Lakshadweep,https://tendersutl.gov.in,ut,Lakshadweep,,,,procurement,tender_publication,HIGH,procurement; contractor,HTML; PDF,PUBLIC_WEB_PAGE,unknown,unknown,unknown,partial,C,unknown,tender_id; nit_number; organisation_chain,CPPP States_eProc_relatedlinks.pdf + IGOD crawl + WebSearch (gov.in-restricted),2026-08-21,VERIFIED,200,https://tendersutl.gov.in,Lakshadweep- eProcurement System,http_head_get_sandbox,GePNIC,http://tendersutl.gov.in/nicgep/app,"Platform: GePNIC. CPPP list also publishes http://tendersutl.gov.in/nicgep/app (verified). Standard GePNIC public pages observed across deployments: FrontEndTendersByOrganisation, FrontEndTendersByClassification, FrontEndListTendersbyDate, WebTenderStatusLists, StandardBiddingDocuments."
proc-mp,e-Procurement System — Madhya Pradesh,https://mptenders.gov.in/nicgep/app,state,Madhya Pradesh,,,,procurement,tender_publication,HIGH,procurement; contractor,HTML; PDF,PUBLIC_WEB_PAGE,unknown,unknown,unknown,partial,C,unknown,tender_id; nit_number; organisation_chain,CPPP States_eProc_relatedlinks.pdf + IGOD crawl + WebSearch (gov.in-restricted),2026-08-21,VERIFIED,200,https://mptenders.gov.in/nicgep/app,eProcurement System Government of Madhya Pradesh,http_head_get_sandbox,GePNIC,https://mptenders.gov.in/nicgep/app,"Platform: GePNIC. Standard GePNIC public pages observed across deployments: FrontEndTendersByOrganisation, FrontEndTendersByClassification, FrontEndListTendersbyDate, WebTenderStatusLists, StandardBiddingDocuments."
proc-mh,e-Procurement System — Maharashtra,https://mahatenders.gov.in,state,Maharashtra,,,,procurement,tender_publication,CRITICAL,procurement; contractor,HTML; PDF,PUBLIC_WEB_PAGE,unknown,unknown,unknown,partial,C,unknown,tender_id; nit_number; organisation_chain,CPPP States_eProc_relatedlinks.pdf + IGOD crawl + WebSearch (gov.in-restricted),2026-08-21,VERIFIED,200,https://mahatenders.gov.in,,http_head_get_sandbox,GePNIC,https://mahatenders.gov.in,"Platform: GePNIC. Standard GePNIC public pages observed across deployments: FrontEndTendersByOrganisation, FrontEndTendersByClassification, FrontEndListTendersbyDate, WebTenderStatusLists, StandardBiddingDocuments."
proc-mn,e-Procurement System — Manipur,https://manipurtenders.gov.in,state,Manipur,,,,procurement,tender_publication,HIGH,procurement; contractor,HTML; PDF,PUBLIC_WEB_PAGE,unknown,unknown,unknown,partial,C,unknown,tender_id; nit_number; organisation_chain,CPPP States_eProc_relatedlinks.pdf + IGOD crawl + WebSearch (gov.in-restricted),2026-08-21,VERIFIED,200,https://manipurtenders.gov.in,Manipur - eProcurement System,http_head_get_sandbox,GePNIC,https://manipurtenders.gov.in,"Platform: GePNIC. Standard GePNIC public pages observed across deployments: FrontEndTendersByOrganisation, FrontEndTendersByClassification, FrontEndListTendersbyDate, WebTenderStatusLists, StandardBiddingDocuments."
proc-ml,e-Procurement System — Meghalaya,https://meghalayatenders.gov.in,state,Meghalaya,,,,procurement,tender_publication,HIGH,procurement; contractor,HTML; PDF,PUBLIC_WEB_PAGE,unknown,unknown,unknown,partial,C,unknown,tender_id; nit_number; organisation_chain,CPPP States_eProc_relatedlinks.pdf + IGOD crawl + WebSearch (gov.in-restricted),2026-08-21,VERIFIED,200,https://meghalayatenders.gov.in,Meghalaya eProcurement System,http_head_get_sandbox,GePNIC,https://meghalayatenders.gov.in,"Platform: GePNIC. Standard GePNIC public pages observed across deployments: FrontEndTendersByOrganisation, FrontEndTendersByClassification, FrontEndListTendersbyDate, WebTenderStatusLists, StandardBiddingDocuments."
proc-mz,e-Procurement System — Mizoram,https://mizoramtenders.gov.in,state,Mizoram,,,,procurement,tender_publication,HIGH,procurement; contractor,HTML; PDF,PUBLIC_WEB_PAGE,unknown,unknown,unknown,partial,C,unknown,tender_id; nit_number; organisation_chain,CPPP States_eProc_relatedlinks.pdf + IGOD crawl + WebSearch (gov.in-restricted),2026-08-21,VERIFIED,200,https://mizoramtenders.gov.in,Mizoram - eProcurement System,http_head_get_sandbox,GePNIC,https://mizoramtenders.gov.in,"Platform: GePNIC. Standard GePNIC public pages observed across deployments: FrontEndTendersByOrganisation, FrontEndTendersByClassification, FrontEndListTendersbyDate, WebTenderStatusLists, StandardBiddingDocuments."
proc-nl,e-Procurement System — Nagaland,https://nagalandtenders.gov.in,state,Nagaland,,,,procurement,tender_publication,HIGH,procurement; contractor,HTML; PDF,PUBLIC_WEB_PAGE,unknown,unknown,unknown,partial,C,unknown,tender_id; nit_number; organisation_chain,CPPP States_eProc_relatedlinks.pdf + IGOD crawl + WebSearch (gov.in-restricted),2026-08-21,VERIFIED,200,https://nagalandtenders.gov.in,Nagaland - eProcurement System,http_head_get_sandbox,GePNIC,https://nagalandtenders.gov.in,"Platform: GePNIC. Standard GePNIC public pages observed across deployments: FrontEndTendersByOrganisation, FrontEndTendersByClassification, FrontEndListTendersbyDate, WebTenderStatusLists, StandardBiddingDocuments."
proc-od,e-Procurement System — Odisha,https://www.tendersodisha.gov.in,state,Odisha,,,,procurement,tender_publication,HIGH,procurement; contractor,HTML; PDF,PUBLIC_WEB_PAGE,unknown,unknown,unknown,partial,C,unknown,tender_id; nit_number; organisation_chain,CPPP States_eProc_relatedlinks.pdf + IGOD crawl + WebSearch (gov.in-restricted),2026-08-21,VERIFIED,200,https://www.tendersodisha.gov.in,eProcurement System Government of Odisha,http_head_get_sandbox,GePNIC,https://tendersodisha.gov.in,"Platform: GePNIC. CPPP list also publishes https://tendersodisha.gov.in (verified). Standard GePNIC public pages observed across deployments: FrontEndTendersByOrganisation, FrontEndTendersByClassification, FrontEndListTendersbyDate, WebTenderStatusLists, StandardBiddingDocuments."
proc-py,e-Procurement System — Puducherry,https://pudutenders.gov.in,ut,Puducherry,,,,procurement,tender_publication,HIGH,procurement; contractor,HTML; PDF,PUBLIC_WEB_PAGE,unknown,unknown,unknown,partial,C,unknown,tender_id; nit_number; organisation_chain,CPPP States_eProc_relatedlinks.pdf + IGOD crawl + WebSearch (gov.in-restricted),2026-08-21,VERIFIED,200,https://pudutenders.gov.in,Puducherry eProcurement System,http_head_get_sandbox,GePNIC,https://pudutenders.gov.in,"Platform: GePNIC. Standard GePNIC public pages observed across deployments: FrontEndTendersByOrganisation, FrontEndTendersByClassification, FrontEndListTendersbyDate, WebTenderStatusLists, StandardBiddingDocuments."
proc-pb,e-Procurement System — Punjab,https://eproc.punjab.gov.in,state,Punjab,,,,procurement,tender_publication,HIGH,procurement; contractor,HTML; PDF,PUBLIC_WEB_PAGE,unknown,unknown,unknown,partial,C,unknown,tender_id; nit_number; organisation_chain,CPPP States_eProc_relatedlinks.pdf + IGOD crawl + WebSearch (gov.in-restricted),2026-08-21,VERIFIED,200,https://eproc.punjab.gov.in,Punjab Govt. eProcurement System,http_head_get_sandbox,GePNIC,http://eprocpbpwd.gov.in,"Platform: GePNIC. The URL published in the official CPPP State/UT list (http://eprocpbpwd.gov.in) did NOT resolve on 2026-08-21 (URLERR [Errno 8] nodename nor servname provided, or not known); the live portal above was found via IGOD/WebSearch and verified. Standard GePNIC public pages observed across deployments: FrontEndTendersByOrganisation, FrontEndTendersByClassification, FrontEndListTendersbyDate, WebTenderStatusLists, StandardBiddingDocuments."
proc-rj,e-Procurement System — Rajasthan,https://eproc.rajasthan.gov.in,state,Rajasthan,,,,procurement,tender_publication,HIGH,procurement; contractor,HTML; PDF,PUBLIC_WEB_PAGE,unknown,unknown,unknown,partial,C,unknown,tender_id; nit_number; organisation_chain,CPPP States_eProc_relatedlinks.pdf + IGOD crawl + WebSearch (gov.in-restricted),2026-08-21,VERIFIED,200,https://eproc.rajasthan.gov.in,Rajasthan eProcurement System,http_head_get_sandbox,GePNIC,https://eproc.rajasthan.gov.in,"Platform: GePNIC. Standard GePNIC public pages observed across deployments: FrontEndTendersByOrganisation, FrontEndTendersByClassification, FrontEndListTendersbyDate, WebTenderStatusLists, StandardBiddingDocuments."
proc-rj-alt0,Rajasthan State Public Procurement Portal,https://sppp.rajasthan.gov.in,state,Rajasthan,,,,procurement,tender_publication,MEDIUM,procurement; contractor,HTML; PDF,PUBLIC_WEB_PAGE,unknown,unknown,unknown,partial,C,unknown,tender_id; nit_number; organisation_chain,CPPP States_eProc_relatedlinks.pdf + IGOD crawl + WebSearch (gov.in-restricted),2026-08-21,VERIFIED,200,https://sppp.rajasthan.gov.in,Rajasthan State Public Procurement Portal,http_head_get_sandbox,unknown,,Additional/secondary official procurement surface for this State/UT.
proc-sk,e-Procurement System — Sikkim,https://sikkimtender.gov.in,state,Sikkim,,,,procurement,tender_publication,HIGH,procurement; contractor,HTML; PDF,PUBLIC_WEB_PAGE,unknown,unknown,unknown,partial,C,unknown,tender_id; nit_number; organisation_chain,CPPP States_eProc_relatedlinks.pdf + IGOD crawl + WebSearch (gov.in-restricted),2026-08-21,VERIFIED,200,https://sikkimtender.gov.in,Sikkim- eProcurement System,http_head_get_sandbox,GePNIC,http://sikkimtender.gov.in,"Platform: GePNIC. CPPP list also publishes http://sikkimtender.gov.in (verified). Standard GePNIC public pages observed across deployments: FrontEndTendersByOrganisation, FrontEndTendersByClassification, FrontEndListTendersbyDate, WebTenderStatusLists, StandardBiddingDocuments."
proc-tn,e-Procurement System — Tamil Nadu,https://tntenders.gov.in,state,Tamil Nadu,,,,procurement,tender_publication,HIGH,procurement; contractor,HTML; PDF,PUBLIC_WEB_PAGE,unknown,unknown,unknown,partial,C,unknown,tender_id; nit_number; organisation_chain,CPPP States_eProc_relatedlinks.pdf + IGOD crawl + WebSearch (gov.in-restricted),2026-08-21,VERIFIED,200,https://tntenders.gov.in,TN e-Procurement,http_head_get_sandbox,GePNIC,https://tntenders.gov.in,"Platform: GePNIC. Standard GePNIC public pages observed across deployments: FrontEndTendersByOrganisation, FrontEndTendersByClassification, FrontEndListTendersbyDate, WebTenderStatusLists, StandardBiddingDocuments."
proc-ts,e-Procurement System — Telangana,https://eprocurement.telangana.gov.in/,state,Telangana,,,,procurement,tender_publication,HIGH,procurement; contractor,HTML; PDF,PUBLIC_WEB_PAGE,unknown,unknown,unknown,partial,C,unknown,tender_id; nit_number; organisation_chain,CPPP States_eProc_relatedlinks.pdf + IGOD crawl + WebSearch (gov.in-restricted),2026-08-21,VERIFIED,200,https://eprocurement.telangana.gov.in/,:: Telangana eProcurement Portal ::,http_head_get_sandbox,state-specific,http://www.eprocurement.gov.in/,Platform: state-specific. The URL published in the official CPPP State/UT list (http://www.eprocurement.gov.in/) did NOT resolve on 2026-08-21 (URLERR timed out); the live portal above was found via IGOD/WebSearch and verified.
proc-tr,e-Procurement System — Tripura,https://tripuratenders.gov.in,state,Tripura,,,,procurement,tender_publication,HIGH,procurement; contractor,HTML; PDF,PUBLIC_WEB_PAGE,unknown,unknown,unknown,partial,C,unknown,tender_id; nit_number; organisation_chain,CPPP States_eProc_relatedlinks.pdf + IGOD crawl + WebSearch (gov.in-restricted),2026-08-21,VERIFIED,200,https://tripuratenders.gov.in,HCI Node-2 tripura,http_head_get_sandbox,GePNIC,http://tripuratenders.gov.in,"Platform: GePNIC. CPPP list also publishes http://tripuratenders.gov.in (verified). Standard GePNIC public pages observed across deployments: FrontEndTendersByOrganisation, FrontEndTendersByClassification, FrontEndListTendersbyDate, WebTenderStatusLists, StandardBiddingDocuments."
proc-up,e-Procurement System — Uttar Pradesh,https://etender.up.nic.in,state,Uttar Pradesh,,,,procurement,tender_publication,HIGH,procurement; contractor,HTML; PDF,PUBLIC_WEB_PAGE,unknown,unknown,unknown,partial,C,unknown,tender_id; nit_number; organisation_chain,CPPP States_eProc_relatedlinks.pdf + IGOD crawl + WebSearch (gov.in-restricted),2026-08-21,VERIFIED,200,https://etender.up.nic.in,,http_head_get_sandbox,GePNIC,https://etender.up.nic.in,"Platform: GePNIC. Standard GePNIC public pages observed across deployments: FrontEndTendersByOrganisation, FrontEndTendersByClassification, FrontEndListTendersbyDate, WebTenderStatusLists, StandardBiddingDocuments."
proc-uk,e-Procurement System — Uttarakhand,https://uktenders.gov.in,state,Uttarakhand,,,,procurement,tender_publication,HIGH,procurement; contractor,HTML; PDF,PUBLIC_WEB_PAGE,unknown,unknown,unknown,partial,C,unknown,tender_id; nit_number; organisation_chain,CPPP States_eProc_relatedlinks.pdf + IGOD crawl + WebSearch (gov.in-restricted),2026-08-21,VERIFIED,200,https://uktenders.gov.in,eProcurement System Govt. of Uttarahand eProcurement System,http_head_get_sandbox,GePNIC,https://uktenders.gov.in,"Platform: GePNIC. Standard GePNIC public pages observed across deployments: FrontEndTendersByOrganisation, FrontEndTendersByClassification, FrontEndListTendersbyDate, WebTenderStatusLists, StandardBiddingDocuments."
proc-wb,e-Procurement System — West Bengal,https://wbtenders.gov.in,state,West Bengal,,,,procurement,tender_publication,HIGH,procurement; contractor,HTML; PDF,PUBLIC_WEB_PAGE,unknown,unknown,unknown,partial,C,unknown,tender_id; nit_number; organisation_chain,CPPP States_eProc_relatedlinks.pdf + IGOD crawl + WebSearch (gov.in-restricted),2026-08-21,VERIFIED,200,https://wbtenders.gov.in,E-Procurement,http_head_get_sandbox,GePNIC,https://wbtenders.gov.in,"Platform: GePNIC. Standard GePNIC public pages observed across deployments: FrontEndTendersByOrganisation, FrontEndTendersByClassification, FrontEndListTendersbyDate, WebTenderStatusLists, StandardBiddingDocuments."
mh-pwd,"Public Works Department, Maharashtra",https://pwd.maharashtra.gov.in,state,Maharashtra,,Public Works Department,,infrastructure,roads; bridges; buildings,CRITICAL,roads; works; projects,HTML,PUBLIC_WEB_PAGE,unknown,unknown,unknown,unknown,unknown,unknown,,IGOD crawl (sg/MH) 2026-08-21,2026-08-21,VERIFIED,200,https://pwd.maharashtra.gov.in,मुख्यपृष्ठ | सार्वजनिक बांधकाम विभाग | महाराष्ट्र शासन | भारत,http_head_get_sandbox,,,PRIMARY Phase-1 source. docs/03 assumes an 'MH PWD — Works' feed; that specific dataset/endpoint is NOT yet located and must be confirmed before the ingestion design is fixed.
mh-finance,"Finance Department, Maharashtra",https://finance.maharashtra.gov.in,state,Maharashtra,,Finance Department,,finance,,CRITICAL,budget; finance,PDF; HTML,PUBLIC_DOCUMENT,unknown,unknown,unknown,unknown,D,unknown,,IGOD crawl (sg/MH) 2026-08-21,2026-08-21,VERIFIED,200,https://finance.maharashtra.gov.in,Homepage | वित्त विभाग | भारत,http_head_get_sandbox,,,
mh-mahakosh,"Directorate of Accounts and Treasuries (Mahakosh), Maharashtra",https://mahakosh.maharashtra.gov.in,state,Maharashtra,,Finance Department,Directorate of Accounts and Treasuries,finance,,CRITICAL,treasury; expenditure,HTML,PUBLIC_WEB_PAGE,unknown,unknown,unknown,unknown,unknown,unknown,treasury_code; ddo_code; budget_head,IGOD crawl (sg/MH) 2026-08-21,2026-08-21,VERIFIED,200,https://mahakosh.maharashtra.gov.in,Mahakosh : The Official Website,http_head_get_sandbox,,,
mh-ifms,Integrated Financial Management System (IFMS) — Mahakosh,https://www.mahakosh.gov.in,state,Maharashtra,,Finance Department,,finance,,CRITICAL,treasury; expenditure; payments,HTML,PUBLIC_WEB_PAGE,unknown,unknown,unknown,partial,unknown,unknown,ddo_code; budget_head; financial_year,IGOD crawl (sg/MH) 2026-08-21,2026-08-21,VERIFIED,200,https://www.mahakosh.gov.in,Government of Maharashtra - Finance Department,http_head_get_sandbox,,,
mh-beams,"BEAMS — Budget Estimation, Allocation and Monitoring System, Maharashtra",https://beams.mahakosh.gov.in,state,Maharashtra,,Finance Department,,finance,allocation; budget_distribution,CRITICAL,budget; allocation; distribution; expenditure,HTML,PUBLIC_WEB_PAGE,unknown,unknown,unknown,unknown,unknown,unknown,budget_head; ddo_code; scheme_code; financial_year,IGOD crawl (sg/MH) 2026-08-21,2026-08-21,VERIFIED,200,https://beams.mahakosh.gov.in/Beams5/BudgetMVC/index.jsp,"BEAMS :: Budget Estimation, Allocation & Monitoring System",http_head_get_sandbox,,,HIGHEST-PRIORITY Phase-1 investigation target alongside mh-pwd.
mh-gras,"GRAS — Government Receipt Accounting System, Maharashtra",https://gras.mahakosh.gov.in,state,Maharashtra,,Finance Department,,finance,,MEDIUM,receipts; revenue,HTML,PUBLIC_WEB_PAGE,unknown,unknown,unknown,unknown,unknown,unknown,,IGOD crawl (sg/MH) 2026-08-21,2026-08-21,VERIFIED,200,https://gras.mahakosh.gov.in/echallan/,GRAS-Government Receipt Accounting System,http_head_get_sandbox,,,
mh-arthwahini,"ARTHWAHINI — TreasuryNet Management System, Maharashtra",https://arthwahini.mahakosh.gov.in,state,Maharashtra,,Finance Department,,finance,,MEDIUM,treasury,HTML,PUBLIC_WEB_PAGE,unknown,unknown,unknown,unknown,unknown,unknown,,IGOD crawl (sg/MH) 2026-08-21,2026-08-21,VERIFIED,200,https://arthwahini.mahakosh.gov.in/arth/frmlogin.php,"Dashboard : Finance Department, Government of Maharashtra",http_head_get_sandbox,,,
mh-sevaarth,"SEVAARTH — Payroll System, Maharashtra",https://sevaarth.mahakosh.gov.in,state,Maharashtra,,Finance Department,,finance,,LOW,payroll,HTML,PUBLIC_WEB_PAGE,unknown,unknown,unknown,unknown,unknown,unknown,,IGOD crawl (sg/MH) 2026-08-21,2026-08-21,VERIFIED,200,https://sevaarth.mahakosh.gov.in,,http_head_get_sandbox,,,Establishment expenditure only; low relevance to works ledger.
mh-mahatenders,"eProcurement System, Maharashtra (mahatenders)",https://mahatenders.gov.in,state,Maharashtra,,,,procurement,tender_publication,CRITICAL,procurement; contractor,HTML; PDF,PUBLIC_WEB_PAGE,unknown,unknown,unknown,unknown,C,unknown,tender_id; nit_number,IGOD crawl (sg/MH) 2026-08-21,2026-08-21,VERIFIED,200,https://mahatenders.gov.in,,http_head_get_sandbox,,,Phase-1 primary procurement source. Note: the official CPPP list also names a secondary state system (maharashtra.etenders.in) which was NOT verified in this pass.
mh-rdd,"Rural Development and Panchayat Raj Department, Maharashtra",https://rdd.maharashtra.gov.in,state,Maharashtra,,Rural Development and Panchayat Raj,,local_government,,HIGH,rural_roads; local_government; schemes,HTML,PUBLIC_WEB_PAGE,unknown,unknown,unknown,unknown,unknown,unknown,,IGOD crawl (sg/MH) 2026-08-21,2026-08-21,VERIFIED,200,https://rdd.maharashtra.gov.in,Homepage | ग्रामविकास आणि पंचायत राज विभाग | भारत,http_head_get_sandbox,,,Route to Zilla Parishad / Panchayat Samiti / Gram Panchayat works and to state PMGSY implementation.
mh-urban,"Urban Development Department (Nagar Vikas Vibhag), Maharashtra",https://urban.maharashtra.gov.in,state,Maharashtra,,Urban Development Department,,urban,,HIGH,urban; municipal,HTML,PUBLIC_WEB_PAGE,unknown,unknown,unknown,unknown,unknown,unknown,,IGOD crawl (sg/MH) 2026-08-21,2026-08-21,VERIFIED,200,https://urban.maharashtra.gov.in,Homepage | नगरविकास विभाग | भारत,http_head_get_sandbox,,,
mh-plan,"Planning Department, Maharashtra",https://plan.maharashtra.gov.in,state,Maharashtra,,Planning Department,,finance,,HIGH,planning; district_plans,HTML,PUBLIC_WEB_PAGE,unknown,unknown,unknown,unknown,unknown,unknown,,IGOD crawl (sg/MH) 2026-08-21,2026-08-21,VERIFIED,200,https://plan.maharashtra.gov.in,"मुख्यपृष्ठ | नियोजन विभाग, महाराष्ट्र शासन | भारत",http_head_get_sandbox,,,District Annual Plan allocations are a likely route to district-level allocation data (docs/19 cascade).
mh-msrdc,Maharashtra State Road Development Corporation (MSRDC),https://msrdc.in,state,Maharashtra,,,MSRDC,infrastructure,roads; expressways,HIGH,roads; projects,HTML,PUBLIC_WEB_PAGE,unknown,unknown,unknown,unknown,unknown,unknown,,IGOD crawl (sg/MH) 2026-08-21,2026-08-21,VERIFIED,200,https://msrdc.in:443/1307/Home,,http_head_get_sandbox,,,State road PSU on a .com-style domain (msrdc.in) — listed in IGOD as the official MSRDC site.
mh-msrtc,Maharashtra State Road Transport Corporation,https://msrtc.maharashtra.gov.in,state,Maharashtra,,,MSRTC,infrastructure,,LOW,transport,HTML,PUBLIC_WEB_PAGE,unknown,unknown,unknown,unknown,unknown,unknown,,IGOD crawl (sg/MH) 2026-08-21,2026-08-21,VERIFIED,200,https://msrtc.maharashtra.gov.in/GeneralPages/Home.aspx,Welcome to MSRTC :: Maharashtra State Road Transport Corporation,http_head_get_sandbox,,,
mh-mrsac,Maharashtra Remote Sensing Application Centre (MRSAC),https://mrsac.gov.in,state,Maharashtra,,,MRSAC,gis,,CRITICAL,gis; boundaries; assets,HTML,PUBLIC_WEB_PAGE,unknown,unknown,unknown,unknown,unknown,unknown,,IGOD crawl (sg/MH) 2026-08-21,2026-08-21,VERIFIED,200,https://mrsac.gov.in/MRSAC/,Home Maharashtra Remote Sensing Application Centre,http_head_get_sandbox,,,Phase-1 GIS candidate for district/taluka/village boundaries and road geometry.
mh-wrd,"Water Resources Department, Maharashtra",https://wrd.maharashtra.gov.in,state,Maharashtra,,Water Resources Department,,infrastructure,,MEDIUM,irrigation; water,HTML,PUBLIC_WEB_PAGE,unknown,unknown,unknown,unknown,unknown,unknown,,IGOD crawl (sg/MH) 2026-08-21,2026-08-21,VERIFIED,200,https://wrd.maharashtra.gov.in,"मुख्य पृष्ठ - जलसंपदा विभाग, महाराष्ट्र शासन, भारत",http_head_get_sandbox,,,
mh-water,"Water Supply and Sanitation Department, Maharashtra",https://water.maharashtra.gov.in,state,Maharashtra,,Water Supply and Sanitation,,infrastructure,,MEDIUM,water,HTML,PUBLIC_WEB_PAGE,unknown,unknown,unknown,unknown,unknown,unknown,,IGOD crawl (sg/MH) 2026-08-21,2026-08-21,VERIFIED,200,https://water.maharashtra.gov.in,मुख्यपृष्ठ | पाणी पुरवठा व स्वच्छता विभाग | भारत,http_head_get_sandbox,,,
mh-housing,"Housing Department, Maharashtra",https://housing.maharashtra.gov.in,state,Maharashtra,,Housing Department,,infrastructure,,LOW,housing,HTML,PUBLIC_WEB_PAGE,unknown,unknown,unknown,unknown,unknown,unknown,,IGOD crawl (sg/MH) 2026-08-21,2026-08-21,VERIFIED,200,https://housing.maharashtra.gov.in,Homepage | गृहनिर्माण विभाग | भारत,http_head_get_sandbox,,,
mh-mhada,Maharashtra Housing and Area Development Authority (MHADA),https://www.mhada.gov.in,state,Maharashtra,,,MHADA,infrastructure,,LOW,housing,HTML,PUBLIC_WEB_PAGE,unknown,unknown,unknown,unknown,unknown,unknown,,IGOD crawl (sg/MH) 2026-08-21,2026-08-21,VERIFIED,200,https://www.mhada.gov.in/mr,MHADA | Maharashtra Housing and Area Development Authority,http_head_get_sandbox,,,
mh-transport,"Motor Vehicles Department (RTO), Maharashtra",https://transport.maharashtra.gov.in,state,Maharashtra,,Transport Department,,infrastructure,,LOW,transport,HTML,PUBLIC_WEB_PAGE,unknown,unknown,unknown,unknown,unknown,unknown,,IGOD crawl (sg/MH) 2026-08-21,2026-08-21,VERIFIED,200,https://transport.maharashtra.gov.in:443/1035/Home,"मोटार वाहन विभाग, महाराष्ट्र",http_head_get_sandbox,,,
mh-igr,"Registration and Stamps Department (IGR), Maharashtra",https://igrmaharashtra.gov.in,state,Maharashtra,,Registration and Stamps,,revenue,,MEDIUM,revenue; land,HTML,PUBLIC_WEB_PAGE,unknown,unknown,unknown,unknown,unknown,unknown,,IGOD crawl (sg/MH) 2026-08-21,2026-08-21,VERIFIED,200,https://igrmaharashtra.gov.in,नोंदणी व मुद्रांक विभाग - महाराष्ट्र शासन,http_head_get_sandbox,,,Stamp duty is a state revenue head in docs/05 TaxHead.
mh-rfd,"Revenue and Forest Department, Maharashtra",https://rfd.maharashtra.gov.in,state,Maharashtra,,Revenue and Forest Department,,revenue,,MEDIUM,revenue; land,HTML,PUBLIC_WEB_PAGE,unknown,unknown,unknown,unknown,unknown,unknown,,IGOD crawl (sg/MH) 2026-08-21,2026-08-21,VERIFIED,200,https://rfd.maharashtra.gov.in,Revenue Department Government Of Maharashtra,http_head_get_sandbox,,,
mh-mwrra,Maharashtra Water Resources Regulatory Authority,https://mwrra.maharashtra.gov.in,state,Maharashtra,,,MWRRA,regulator,,LOW,water,HTML,PUBLIC_WEB_PAGE,unknown,unknown,unknown,unknown,unknown,unknown,,IGOD crawl (sg/MH) 2026-08-21,2026-08-21,VERIFIED,200,https://mwrra.maharashtra.gov.in,Maharashtra Water Resources Regulatory Authority,http_head_get_sandbox,,,
mh-meda,Maharashtra Energy Development Agency (MEDA),https://www.mahaurja.maharashtra.gov.in,state,Maharashtra,,,MEDA,infrastructure,,LOW,energy,HTML,PUBLIC_WEB_PAGE,unknown,unknown,unknown,unknown,unknown,unknown,,IGOD crawl (sg/MH) 2026-08-21,2026-08-21,VERIFIED,200,https://www.mahaurja.maharashtra.gov.in,मुख्य पृष्ठ - महाराष्ट्र ऊर्जा विकास एजन्सी,http_head_get_sandbox,,,
mh-dist-ahmednagar,Ahilyanagar (Ahmednagar) District,https://ahmednagar.nic.in,state,Maharashtra,,,,district_portal,,MEDIUM,district; tenders; notices,HTML,PUBLIC_WEB_PAGE,unknown,unknown,unknown,unknown,unknown,unknown,,IGOD crawl (sg/MH) 2026-08-21,2026-08-21,VERIFIED,200,https://ahilyanagar.maharashtra.gov.in/,अहिल्यानगर | Official website of Ahilyanagar District Administration | भारत,http_head_get_sandbox,,,District portal. IGOD lists 40 Maharashtra district entries; only those verified in this pass are itemised here. District portals typically carry local tender notices and scheme information; field exposure varies and is NOT yet assessed.
mh-dist-aurangabad,Chhatrapati Sambhajinagar (Aurangabad) District,https://aurangabad.gov.in,state,Maharashtra,,,,district_portal,,MEDIUM,district; tenders; notices,HTML,PUBLIC_WEB_PAGE,unknown,unknown,unknown,unknown,unknown,unknown,,IGOD crawl (sg/MH) 2026-08-21,2026-08-21,VERIFIED,200,https://chhatrapatisambhajinagar.maharashtra.gov.in/,जिल्हा छत्रपती संभाजीनगर | महाराष्ट्र शासन | India,http_head_get_sandbox,,,District portal. IGOD lists 40 Maharashtra district entries; only those verified in this pass are itemised here. District portals typically carry local tender notices and scheme information; field exposure varies and is NOT yet assessed.
mh-dist-mumbaisuburban,Mumbai Suburban District,https://mumbaisuburban.gov.in,state,Maharashtra,,,,district_portal,,MEDIUM,district; tenders; notices,HTML,PUBLIC_WEB_PAGE,unknown,unknown,unknown,unknown,unknown,unknown,,IGOD crawl (sg/MH) 2026-08-21,2026-08-21,VERIFIED,200,https://mumbaisuburban.gov.in,"मुंबई उपनगर जिल्हा, महाराष्ट्र शासन | भारताची स्वप्ननगरी | India",http_head_get_sandbox,,,District portal. IGOD lists 40 Maharashtra district entries; only those verified in this pass are itemised here. District portals typically carry local tender notices and scheme information; field exposure varies and is NOT yet assessed.
